src,dst,year
1,9883,1998
1,9884,1998
1,9885,1998
3,2607,1998
3,2608,1998
3,2609,1998
3,2610,1998
3,8957,1998
7,574,1998
7,3801,1998
7,9473,1998
7,9474,1998
7,9475,1998
9,583,1998
9,2098,1998
9,2512,1998
9,6365,1998
9,8822,1998
10,11,1998
10,12,1998
10,1849,1998
10,10286,1998
11,12,1998
11,1849,1998
11,10286,1998
12,1849,1998
12,10286,1998
15,1699,1998
15,2375,1998
15,2376,1998
15,9265,1998
20,810,1998
20,1358,1998
20,5099,1998
20,6485,1998
20,8188,1998
20,9561,1998
20,9562,1998
23,637,1998
23,2303,1998
24,193,1998
24,1129,1998
24,1352,1998
24,7926,1998
24,8060,1998
24,8774,1998
24,9324,1998
24,9374,1998
24,9375,1998
26,83,1998
26,84,1998
26,545,1998
26,1600,1998
26,3417,1998
26,5063,1998
26,6018,1998
26,7385,1998
26,7729,1998
26,9650,1998
27,28,1998
28,433,1998
28,522,1998
28,1360,1998
28,2972,1998
28,6058,1998
28,6288,1998
28,7675,1998
28,8199,1998
28,9414,1998
31,9243,1998
31,9284,1998
32,9284,1998
32,9940,1998
32,9941,1998
36,822,1998
39,8672,1998
40,4958,1998
40,9490,1998
44,1585,1998
44,10223,1998
46,279,1998
46,2344,1998
46,8325,1998
47,5430,1998
47,8257,1998
47,9015,1998
51,3075,1998
51,3514,1998
51,6540,1998
51,9072,1998
51,9296,1998
53,8529,1998
53,10155,1998
54,2011,1998
54,9246,1998
54,9822,1998
62,8762,1998
62,9472,1998
63,6231,1998
63,9050,1998
63,9395,1998
63,9524,1998
66,594,1998
66,7664,1998
66,9210,1998
67,547,1998
67,887,1998
67,7988,1998
68,1227,1998
68,4744,1998
75,8970,1998
75,8971,1998
75,8972,1998
75,8973,1998
83,84,1998
83,433,1998
83,1600,1998
83,2303,1998
83,3417,1998
83,6929,1998
83,7385,1998
83,7729,1998
83,9650,1998
84,433,1998
84,1600,1998
84,2303,1998
84,3417,1998
84,6929,1998
84,7385,1998
84,7729,1998
84,9650,1998
91,10132,1998
91,10133,1998
93,460,1998
93,5099,1998
93,6769,1998
93,9562,1998
105,626,1998
105,896,1998
105,7470,1998
105,7471,1998
105,9361,1998
110,140,1998
110,8336,1998
110,9805,1998
112,9056,1998
112,9057,1998
112,9058,1998
115,1012,1998
115,2977,1998
115,2978,1998
115,8253,1998
115,8254,1998
115,9791,1998
115,9870,1998
115,9873,1998
115,9874,1998
116,775,1998
116,1675,1998
116,5826,1998
116,6433,1998
117,3251,1998
117,4167,1998
117,6959,1998
117,9190,1998
117,9191,1998
117,9618,1998
119,8868,1998
119,10262,1998
136,7177,1998
137,9224,1998
140,9304,1998
140,9805,1998
142,2626,1998
142,6745,1998
150,5441,1998
150,5442,1998
179,2940,1998
179,9428,1998
179,9429,1998
179,9430,1998
179,9431,1998
188,3490,1998
188,5428,1998
188,9731,1998
188,9732,1998
193,486,1998
193,1352,1998
193,2434,1998
193,7926,1998
193,8060,1998
193,9324,1998
193,10208,1998
200,9702,1998
202,1214,1998
202,7311,1998
202,8802,1998
202,10004,1998
202,10005,1998
227,9916,1998
230,789,1998
230,6513,1998
233,10232,1998
237,1939,1998
237,1984,1998
238,7577,1998
238,9870,1998
245,3983,1998
245,5223,1998
245,8167,1998
245,9396,1998
245,9397,1998
245,9398,1998
245,9435,1998
245,9530,1998
245,9608,1998
245,9609,1998
245,9991,1998
249,6133,1998
249,8275,1998
263,2535,1998
263,9758,1998
263,9974,1998
274,688,1998
274,10175,1998
274,10176,1998
277,286,1998
277,932,1998
277,1172,1998
277,5086,1998
279,2344,1998
279,8325,1998
279,8855,1998
283,3166,1998
284,1358,1998
284,8951,1998
284,8952,1998
284,10240,1998
286,932,1998
286,1172,1998
286,1674,1998
286,2245,1998
286,5086,1998
286,8992,1998
286,8993,1998
286,8994,1998
287,288,1998
287,289,1998
287,1722,1998
287,2288,1998
287,8377,1998
287,9295,1998
287,10188,1998
288,289,1998
289,1722,1998
289,2288,1998
289,9295,1998
296,454,1998
296,455,1998
296,10273,1998
297,720,1998
297,4490,1998
297,5923,1998
300,3652,1998
300,6282,1998
300,8884,1998
300,9201,1998
301,5844,1998
301,6108,1998
301,8979,1998
305,677,1998
305,886,1998
305,921,1998
305,9529,1998
312,7872,1998
314,2898,1998
314,4017,1998
314,7387,1998
314,9907,1998
315,1940,1998
315,6955,1998
316,1581,1998
316,5402,1998
316,9563,1998
326,551,1998
326,2510,1998
326,4966,1998
326,5806,1998
326,5807,1998
326,6555,1998
326,9464,1998
326,9465,1998
327,1012,1998
327,10346,1998
327,10347,1998
360,527,1998
360,2472,1998
360,2837,1998
360,4380,1998
360,5441,1998
365,1003,1998
365,2771,1998
365,7634,1998
365,10308,1998
366,367,1998
366,6858,1998
366,10108,1998
367,6858,1998
367,10108,1998
369,839,1998
372,757,1998
372,839,1998
372,3558,1998
372,4168,1998
372,7090,1998
372,7877,1998
374,543,1998
374,5072,1998
374,9495,1998
374,9496,1998
374,9744,1998
376,1227,1998
376,1949,1998
376,3166,1998
376,5227,1998
376,5685,1998
376,6135,1998
376,7927,1998
377,378,1998
377,5531,1998
378,446,1998
378,5531,1998
378,9923,1998
380,1517,1998
384,412,1998
384,9329,1998
384,9330,1998
401,8513,1998
401,9018,1998
402,9399,1998
402,9400,1998
406,1109,1998
406,2379,1998
412,994,1998
412,2888,1998
412,9329,1998
412,9330,1998
415,1053,1998
415,9655,1998
425,9848,1998
427,8843,1998
427,8949,1998
429,430,1998
430,431,1998
430,7224,1998
431,7224,1998
433,1517,1998
433,2379,1998
436,7921,1998
436,8916,1998
436,8917,1998
437,438,1998
437,439,1998
437,449,1998
437,9199,1998
437,9200,1998
437,9327,1998
437,9328,1998
437,9698,1998
438,439,1998
438,449,1998
438,6085,1998
438,9144,1998
438,9199,1998
438,9200,1998
438,9327,1998
438,9328,1998
438,9698,1998
439,449,1998
439,1004,1998
439,1909,1998
439,4535,1998
439,5359,1998
439,6085,1998
439,8921,1998
439,9144,1998
439,9199,1998
439,9200,1998
439,9456,1998
440,442,1998
440,528,1998
442,528,1998
445,7828,1998
449,4966,1998
449,9199,1998
449,9200,1998
449,9327,1998
449,9328,1998
449,9698,1998
450,1004,1998
450,1909,1998
450,8448,1998
451,2102,1998
451,2103,1998
451,4230,1998
451,5592,1998
451,5945,1998
451,6219,1998
452,8849,1998
454,455,1998
454,10273,1998
455,10273,1998
459,1698,1998
459,3162,1998
459,3226,1998
459,10268,1998
460,2567,1998
460,3899,1998
460,5741,1998
460,7468,1998
461,664,1998
464,5703,1998
471,3598,1998
471,3843,1998
471,6618,1998
471,7917,1998
475,10130,1998
480,7206,1998
480,9332,1998
480,9333,1998
486,1123,1998
486,1352,1998
486,2434,1998
486,8383,1998
486,8729,1998
486,9486,1998
486,10208,1998
498,1927,1998
498,3700,1998
503,733,1998
503,5196,1998
503,9487,1998
505,7404,1998
505,10146,1998
506,507,1998
507,9679,1998
518,1255,1998
518,2058,1998
522,733,1998
522,1414,1998
522,8199,1998
525,4721,1998
525,5602,1998
525,7706,1998
525,8674,1998
527,2472,1998
527,4380,1998
528,1796,1998
528,10271,1998
535,2626,1998
535,2635,1998
535,3977,1998
535,4123,1998
543,3757,1998
543,3787,1998
543,5072,1998
543,7717,1998
543,9131,1998
543,9495,1998
543,9496,1998
544,882,1998
544,3915,1998
544,5423,1998
544,6206,1998
544,6783,1998
545,5063,1998
545,5516,1998
545,6018,1998
545,9542,1998
547,552,1998
547,887,1998
547,4120,1998
551,774,1998
551,2510,1998
551,4966,1998
551,5806,1998
551,5807,1998
552,2463,1998
552,9850,1998
553,8694,1998
566,3267,1998
566,7132,1998
566,8490,1998
566,9541,1998
566,9740,1998
566,9741,1998
566,9742,1998
566,10030,1998
568,8686,1998
568,9353,1998
569,573,1998
569,2303,1998
569,8791,1998
570,4744,1998
570,8110,1998
573,587,1998
573,927,1998
573,1782,1998
573,6011,1998
573,7692,1998
573,8791,1998
573,9004,1998
574,9473,1998
574,9474,1998
574,9475,1998
577,1532,1998
577,8622,1998
577,9271,1998
580,1862,1998
580,9466,1998
583,8822,1998
583,9800,1998
584,5532,1998
586,587,1998
586,1780,1998
586,5510,1998
587,927,1998
587,1780,1998
587,1782,1998
587,5510,1998
587,6011,1998
587,7692,1998
587,9004,1998
587,9930,1998
588,1287,1998
588,1941,1998
588,9662,1998
590,6042,1998
590,8503,1998
594,7387,1998
594,7664,1998
594,9210,1998
594,9638,1998
594,9639,1998
612,858,1998
612,5810,1998
612,8037,1998
617,7899,1998
621,4967,1998
622,4492,1998
622,6042,1998
622,8282,1998
622,8283,1998
622,9066,1998
622,9067,1998
622,9694,1998
622,9918,1998
626,896,1998
626,7470,1998
626,7471,1998
626,9361,1998
627,629,1998
627,2044,1998
627,9367,1998
627,9368,1998
627,9369,1998
629,2044,1998
629,9367,1998
630,2345,1998
630,3850,1998
630,7365,1998
630,9254,1998
630,9255,1998
632,3242,1998
635,9465,1998
637,2070,1998
637,2303,1998
637,2960,1998
646,1008,1998
646,9596,1998
653,3243,1998
654,1308,1998
658,9044,1998
658,9045,1998
664,776,1998
664,2177,1998
664,3899,1998
664,5099,1998
664,5685,1998
664,6084,1998
664,6099,1998
664,6413,1998
664,6593,1998
664,10047,1998
665,9773,1998
672,9733,1998
672,9995,1998
673,1610,1998
675,677,1998
675,2149,1998
675,2284,1998
675,2379,1998
675,2421,1998
675,7512,1998
675,7960,1998
675,10360,1998
677,741,1998
677,775,1998
677,1035,1998
677,1360,1998
677,1954,1998
677,2284,1998
677,2901,1998
677,5806,1998
677,6987,1998
677,9051,1998
677,9376,1998
678,10002,1998
678,10003,1998
679,4686,1998
679,5688,1998
685,7582,1998
689,2182,1998
689,9665,1998
689,9748,1998
689,9749,1998
712,991,1998
712,6103,1998
712,8974,1998
712,9083,1998
712,10328,1998
714,4851,1998
716,8085,1998
719,7770,1998
720,4490,1998
720,5923,1998
720,6120,1998
733,1414,1998
733,5196,1998
733,8199,1998
733,9487,1998
733,9908,1998
733,9909,1998
738,1227,1998
738,9588,1998
738,9828,1998
741,1954,1998
741,9888,1998
746,5077,1998
746,5780,1998
746,9236,1998
746,9938,1998
747,3113,1998
749,9528,1998
754,9937,1998
755,9792,1998
757,839,1998
757,2879,1998
757,3558,1998
757,5246,1998
757,7877,1998
757,8325,1998
757,8963,1998
757,9994,1998
758,10189,1998
759,761,1998
759,10270,1998
761,10270,1998
762,2513,1998
774,848,1998
774,866,1998
774,5725,1998
774,5807,1998
774,6147,1998
774,6148,1998
774,6691,1998
774,7907,1998
774,9821,1998
775,1360,1998
775,1675,1998
775,5806,1998
775,5826,1998
775,9051,1998
775,9376,1998
776,859,1998
776,5685,1998
776,6084,1998
776,9610,1998
776,9611,1998
778,7759,1998
779,5207,1998
779,7040,1998
779,7102,1998
783,921,1998
783,1606,1998
783,9552,1998
789,2552,1998
789,4739,1998
789,6513,1998
790,3915,1998
790,6206,1998
790,7786,1998
791,850,1998
804,9055,1998
808,3547,1998
818,1254,1998
818,3537,1998
818,7320,1998
828,1587,1998
828,8356,1998
832,2518,1998
832,9061,1998
832,9062,1998
839,3558,1998
839,4168,1998
839,7090,1998
839,7877,1998
840,5418,1998
840,9613,1998
848,866,1998
848,6147,1998
848,6691,1998
848,7907,1998
851,853,1998
858,5810,1998
858,8037,1998
858,10339,1998
859,8886,1998
865,1625,1998
865,4035,1998
866,6147,1998
866,6691,1998
874,1145,1998
874,9879,1998
874,9880,1998
882,1705,1998
882,1780,1998
882,3915,1998
882,5423,1998
882,5707,1998
882,6206,1998
882,6783,1998
882,8107,1998
882,8108,1998
882,9823,1998
886,9529,1998
890,891,1998
890,3125,1998
890,6378,1998
890,7400,1998
890,10338,1998
891,3125,1998
891,10338,1998
892,6435,1998
892,10137,1998
892,10138,1998
896,7470,1998
896,7471,1998
896,9361,1998
907,6459,1998
907,9161,1998
907,9162,1998
907,9163,1998
908,4138,1998
908,10043,1998
911,6672,1998
911,9133,1998
916,3846,1998
916,6032,1998
916,6277,1998
921,1000,1998
921,1606,1998
921,1795,1998
921,1947,1998
921,3016,1998
921,3790,1998
921,4155,1998
921,8854,1998
921,9096,1998
927,1782,1998
927,6011,1998
927,7692,1998
927,9004,1998
932,1172,1998
932,5086,1998
948,4705,1998
948,5183,1998
948,5212,1998
948,5394,1998
948,7300,1998
948,7921,1998
948,8335,1998
948,8437,1998
948,8438,1998
948,8953,1998
948,9021,1998
948,9378,1998
948,9619,1998
955,956,1998
955,8279,1998
955,8756,1998
956,8756,1998
956,9093,1998
956,9094,1998
956,9095,1998
960,2573,1998
960,7085,1998
960,7204,1998
960,9219,1998
960,9220,1998
960,9221,1998
960,9222,1998
960,9345,1998
960,9346,1998
960,9347,1998
960,9348,1998
960,9612,1998
960,10298,1998
960,10299,1998
960,10300,1998
960,10301,1998
970,6064,1998
970,10029,1998
983,6734,1998
983,8222,1998
983,9309,1998
989,9847,1998
991,6103,1998
991,8974,1998
991,9509,1998
994,2888,1998
994,3177,1998
995,3426,1998
995,7733,1998
1000,1947,1998
1000,3790,1998
1000,4155,1998
1000,9096,1998
1004,1909,1998
1004,8448,1998
1005,1022,1998
1005,1023,1998
1008,9596,1998
1011,1696,1998
1011,5489,1998
1011,8259,1998
1011,9771,1998
1012,8253,1998
1012,8254,1998
1012,10346,1998
1012,10347,1998
1019,5063,1998
1019,6018,1998
1019,8251,1998
1019,9967,1998
1022,1023,1998
1023,2618,1998
1023,2956,1998
1023,7671,1998
1023,9625,1998
1035,2901,1998
1036,2790,1998
1036,8983,1998
1037,1939,1998
1042,9233,1998
1043,1214,1998
1043,2019,1998
1043,2240,1998
1043,2460,1998
1043,3397,1998
1053,9655,1998
1061,1322,1998
1061,9186,1998
1066,1749,1998
1066,6146,1998
1066,8823,1998
1066,8824,1998
1066,10191,1998
1067,6191,1998
1067,7082,1998
1072,10097,1998
1079,3356,1998
1079,9258,1998
1079,9425,1998
1082,1611,1998
1082,3275,1998
1082,5800,1998
1083,1611,1998
1083,3275,1998
1083,5246,1998
1083,8669,1998
1084,9492,1998
1090,3213,1998
1091,1092,1998
1107,1108,1998
1107,8113,1998
1108,8113,1998
1109,2379,1998
1110,6914,1998
1110,6915,1998
1110,10048,1998
1123,1124,1998
1123,3101,1998
1123,4492,1998
1123,8383,1998
1123,8729,1998
1123,9486,1998
1123,9960,1998
1123,9961,1998
1124,3101,1998
1134,1231,1998
1134,9462,1998
1142,9211,1998
1145,9879,1998
1145,9880,1998
1153,1249,1998
1153,3171,1998
1155,9577,1998
1155,9578,1998
1169,8946,1998
1170,5981,1998
1170,6549,1998
1170,6862,1998
1172,5086,1998
1179,10290,1998
1203,9188,1998
1203,9189,1998
1207,1984,1998
1207,6135,1998
1207,9859,1998
1214,2019,1998
1214,2460,1998
1214,7311,1998
1214,8802,1998
1214,10004,1998
1214,10005,1998
1223,8833,1998
1223,10224,1998
1227,1258,1998
1227,4744,1998
1227,6282,1998
1227,9588,1998
1227,9828,1998
1231,6435,1998
1231,9171,1998
1231,9462,1998
1233,2698,1998
1233,6478,1998
1233,9858,1998
1234,3376,1998
1234,9083,1998
1234,10332,1998
1235,8005,1998
1236,9450,1998
1236,9451,1998
1238,1895,1998
1238,4967,1998
1238,6428,1998
1238,10337,1998
1243,5535,1998
1248,1808,1998
1248,5983,1998
1249,3171,1998
1252,1860,1998
1252,3082,1998
1252,8261,1998
1254,3537,1998
1254,7320,1998
1254,8770,1998
1254,9173,1998
1255,2058,1998
1257,5366,1998
1257,9811,1998
1258,6282,1998
1258,9279,1998
1258,9280,1998
1270,5035,1998
1280,4413,1998
1280,9302,1998
1282,2328,1998
1282,2434,1998
1282,9656,1998
1286,4535,1998
1286,9968,1998
1287,1941,1998
1287,9662,1998
1289,8752,1998
1290,6071,1998
1290,9739,1998
1311,7526,1998
1311,9721,1998
1311,9722,1998
1311,9723,1998
1311,9724,1998
1318,2519,1998
1318,6398,1998
1321,7236,1998
1321,8285,1998
1321,8736,1998
1321,9688,1998
1321,9689,1998
1321,9690,1998
1322,9186,1998
1333,2002,1998
1350,4316,1998
1350,7274,1998
1350,7322,1998
1350,7365,1998
1350,9218,1998
1350,10213,1998
1352,2434,1998
1352,5352,1998
1352,8060,1998
1352,10208,1998
1358,5099,1998
1358,6485,1998
1358,8951,1998
1358,8952,1998
1360,2303,1998
1360,5806,1998
1360,7066,1998
1360,9051,1998
1360,9376,1998
1361,8887,1998
1364,1585,1998
1364,1880,1998
1364,2093,1998
1364,9841,1998
1364,10036,1998
1371,5615,1998
1382,8116,1998
1390,6527,1998
1390,6528,1998
1390,9903,1998
1390,9904,1998
1398,8724,1998
1398,10024,1998
1398,10025,1998
1400,1748,1998
1400,2547,1998
1400,9430,1998
1400,9480,1998
1400,9481,1998
1400,9482,1998
1400,9483,1998
1406,9929,1998
1414,5196,1998
1414,8199,1998
1416,2466,1998
1416,4214,1998
1418,5769,1998
1418,7633,1998
1418,8433,1998
1418,8874,1998
1425,6379,1998
1425,6506,1998
1425,7569,1998
1495,1496,1998
1495,8976,1998
1496,3077,1998
1497,4603,1998
1497,10156,1998
1497,10157,1998
1497,10158,1998
1497,10159,1998
1497,10160,1998
1506,9969,1998
1507,5685,1998
1508,8892,1998
1508,9657,1998
1517,2379,1998
1532,8622,1998
1532,9241,1998
1532,9538,1998
1532,9539,1998
1541,9167,1998
1541,9168,1998
1541,9169,1998
1561,4059,1998
1581,5402,1998
1581,8887,1998
1581,9563,1998
1581,9997,1998
1585,10036,1998
1586,8201,1998
1586,9801,1998
1587,8356,1998
1600,6929,1998
1600,7385,1998
1600,7729,1998
1602,9647,1998
1609,5740,1998
1609,6945,1998
1610,5858,1998
1610,5859,1998
1611,3275,1998
1611,5246,1998
1611,8669,1998
1620,2424,1998
1625,4035,1998
1643,9336,1998
1646,3144,1998
1647,3046,1998
1647,10231,1998
1657,4035,1998
1657,7065,1998
1657,7828,1998
1662,9788,1998
1662,9789,1998
1664,5119,1998
1664,8809,1998
1664,8811,1998
1664,9288,1998
1668,6680,1998
1668,9616,1998
1669,5853,1998
1669,9413,1998
1671,3314,1998
1671,3587,1998
1671,9107,1998
1671,9108,1998
1672,9358,1998
1672,9359,1998
1672,9360,1998
1674,8992,1998
1674,8993,1998
1674,8994,1998
1675,5826,1998
1675,6433,1998
1676,5121,1998
1676,5122,1998
1683,8228,1998
1696,9771,1998
1698,3226,1998
1699,2375,1998
1699,2376,1998
1705,8286,1998
1715,1776,1998
1722,2288,1998
1722,8730,1998
1722,9295,1998
1730,2539,1998
1730,9605,1998
1744,5604,1998
1744,8388,1998
1744,10313,1998
1745,3615,1998
1745,8956,1998
1745,9206,1998
1745,9207,1998
1745,9208,1998
1745,9209,1998
1745,10274,1998
1745,10275,1998
1747,3401,1998
1747,8950,1998
1747,8955,1998
1747,9596,1998
1747,10345,1998
1748,2547,1998
1748,9430,1998
1748,9480,1998
1748,9481,1998
1748,9482,1998
1748,9483,1998
1749,6146,1998
1749,8823,1998
1749,8824,1998
1749,10191,1998
1759,9642,1998
1767,9042,1998
1767,9043,1998
1767,9809,1998
1771,6682,1998
1778,4574,1998
1778,5195,1998
1778,9160,1998
1778,9829,1998
1779,2512,1998
1779,9599,1998
1780,5510,1998
1780,8107,1998
1780,8108,1998
1782,6011,1998
1782,7692,1998
1782,9004,1998
1787,2664,1998
1787,6590,1998
1787,8130,1998
1787,9661,1998
1789,4246,1998
1789,4851,1998
1789,8626,1998
1792,2493,1998
1792,8655,1998
1793,9615,1998
1795,8854,1998
1796,10271,1998
1801,6191,1998
1801,7082,1998
1808,5983,1998
1810,5157,1998
1810,9701,1998
1815,6209,1998
1815,10280,1998
1816,5407,1998
1820,1821,1998
1821,10134,1998
1822,1999,1998
1822,4027,1998
1822,5565,1998
1822,9693,1998
1822,10113,1998
1853,1854,1998
1854,9977,1998
1854,9978,1998
1859,9294,1998
1860,3082,1998
1860,4075,1998
1860,4570,1998
1862,9466,1998
1875,10081,1998
1880,2093,1998
1880,9841,1998
1881,1946,1998
1881,9614,1998
1883,4984,1998
1883,8174,1998
1883,8175,1998
1895,6428,1998
1902,9146,1998
1903,4216,1998
1903,6725,1998
1903,9410,1998
1906,4535,1998
1909,2907,1998
1909,4535,1998
1909,5359,1998
1909,8448,1998
1909,9456,1998
1919,8968,1998
1927,3700,1998
1939,1984,1998
1940,6955,1998
1940,9892,1998
1941,9662,1998
1944,7757,1998
1946,1947,1998
1946,9614,1998
1947,3790,1998
1947,4155,1998
1947,9096,1998
1949,5029,1998
1949,5227,1998
1949,6135,1998
1951,8863,1998
1969,9381,1998
1969,9382,1998
1984,6847,1998
1988,9029,1998
1999,3782,1998
1999,3783,1998
1999,5565,1998
2002,7097,1998
2002,9598,1998
2002,10086,1998
2002,10087,1998
2011,9822,1998
2015,4770,1998
2019,2460,1998
2026,7498,1998
2039,2040,1998
2039,3802,1998
2040,3802,1998
2040,9631,1998
2044,9305,1998
2044,9306,1998
2044,9367,1998
2044,9368,1998
2044,9369,1998
2046,2940,1998
2046,8634,1998
2046,9237,1998
2069,4560,1998
2069,9172,1998
2069,9269,1998
2070,2960,1998
2072,9775,1998
2073,9970,1998
2078,2296,1998
2078,6366,1998
2078,9430,1998
2078,9545,1998
2078,9546,1998
2078,9547,1998
2078,9548,1998
2083,9915,1998
2091,2633,1998
2091,7474,1998
2093,9841,1998
2099,2794,1998
2099,8832,1998
2099,8833,1998
2102,2103,1998
2102,4230,1998
2102,5592,1998
2102,5945,1998
2102,6219,1998
2103,4230,1998
2103,5592,1998
2103,5945,1998
2103,6219,1998
2127,2128,1998
2127,5792,1998
2127,9846,1998
2128,5792,1998
2128,9846,1998
2134,2248,1998
2144,2145,1998
2144,2667,1998
2144,9151,1998
2144,9152,1998
2145,2667,1998
2145,9151,1998
2145,9152,1998
2149,2421,1998
2149,6929,1998
2149,7512,1998
2149,7960,1998
2149,9774,1998
2149,10360,1998
2155,3137,1998
2155,6672,1998
2164,2165,1998
2166,2169,1998
2166,4764,1998
2166,4994,1998
2166,9558,1998
2169,4764,1998
2169,4994,1998
2169,9558,1998
2176,4255,1998
2177,3130,1998
2177,6593,1998
2177,9669,1998
2179,5031,1998
2179,5309,1998
2179,6191,1998
2179,8285,1998
2195,9635,1998
2214,6287,1998
2214,9290,1998
2214,9383,1998
2214,9438,1998
2214,9439,1998
2214,9440,1998
2214,9441,1998
2214,9976,1998
2220,2221,1998
2245,8993,1998
2245,8994,1998
2259,9864,1998
2262,6640,1998
2262,6642,1998
2265,8339,1998
2265,8340,1998
2274,2888,1998
2274,6982,1998
2274,7733,1998
2275,9126,1998
2279,8954,1998
2288,9295,1998
2296,4422,1998
2296,5754,1998
2296,5944,1998
2296,6366,1998
2296,9250,1998
2296,9251,1998
2296,9310,1998
2296,9311,1998
2296,9312,1998
2296,9313,1998
2296,9430,1998
2296,9545,1998
2296,9546,1998
2296,9547,1998
2296,9548,1998
2303,5970,1998
2303,7066,1998
2303,8791,1998
2305,3983,1998
2305,8240,1998
2305,9003,1998
2305,9223,1998
2305,9530,1998
2315,8082,1998
2315,8989,1998
2321,2322,1998
2328,9656,1998
2329,7575,1998
2329,9164,1998
2329,9165,1998
2329,9166,1998
2344,8325,1998
2345,3850,1998
2345,7365,1998
2350,7949,1998
2350,8110,1998
2350,9526,1998
2355,9770,1998
2368,2371,1998
2370,9314,1998
2375,2376,1998
2377,7811,1998
2377,8079,1998
2396,4672,1998
2396,4815,1998
2396,6040,1998
2396,9261,1998
2399,10242,1998
2421,7512,1998
2421,7960,1998
2421,10360,1998
2434,10208,1998
2463,9850,1998
2465,5726,1998
2466,4214,1998
2472,4380,1998
2493,8655,1998
2505,2506,1998
2510,4966,1998
2510,5806,1998
2510,5807,1998
2512,4451,1998
2512,5177,1998
2512,7710,1998
2512,9599,1998
2512,9757,1998
2513,7284,1998
2513,8735,1998
2518,9061,1998
2518,9062,1998
2519,6398,1998
2520,9404,1998
2524,7503,1998
2524,10314,1998
2524,10315,1998
2524,10368,1998
2535,4471,1998
2535,9758,1998
2539,9605,1998
2542,8114,1998
2542,8115,1998
2547,9430,1998
2547,9480,1998
2547,9481,1998
2547,9482,1998
2547,9483,1998
2559,3718,1998
2566,4512,1998
2566,5460,1998
2566,7386,1998
2566,7387,1998
2566,8859,1998
2566,8939,1998
2566,8940,1998
2566,9034,1998
2566,9035,1998
2566,9383,1998
2566,9384,1998
2566,9385,1998
2566,9386,1998
2566,9387,1998
2566,9996,1998
2566,10369,1998
2566,10370,1998
2567,3899,1998
2567,5741,1998
2567,7468,1998
2567,9488,1998
2567,9489,1998
2573,9345,1998
2573,9346,1998
2573,9347,1998
2573,9348,1998
2573,9612,1998
2590,9259,1998
2590,9260,1998
2598,4625,1998
2607,2608,1998
2607,2609,1998
2607,2610,1998
2607,8957,1998
2608,2609,1998
2608,2610,1998
2608,8957,1998
2609,2610,1998
2609,8957,1998
2610,8957,1998
2616,8984,1998
2618,2619,1998
2618,9625,1998
2626,3977,1998
2626,6745,1998
2626,8509,1998
2633,7474,1998
2633,9264,1998
2664,8130,1998
2664,9661,1998
2667,9151,1998
2667,9152,1998
2680,9266,1998
2698,6478,1998
2698,9858,1998
2699,4869,1998
2710,9992,1998
2710,9993,1998
2713,7375,1998
2713,7376,1998
2724,5975,1998
2755,9354,1998
2757,9753,1998
2757,9754,1998
2757,9755,1998
2757,9756,1998
2771,7634,1998
2771,10308,1998
2785,6474,1998
2785,9513,1998
2788,3471,1998
2788,5522,1998
2788,5833,1998
2788,9634,1998
2790,8983,1998
2808,2809,1998
2808,9711,1998
2808,9936,1998
2809,4026,1998
2809,7527,1998
2809,8806,1998
2809,8807,1998
2809,9711,1998
2809,9936,1998
2809,10139,1998
2829,9914,1998
2837,5441,1998
2856,4846,1998
2856,8982,1998
2866,9402,1998
2866,9403,1998
2876,2883,1998
2879,8325,1998
2879,8963,1998
2879,9994,1998
2888,6982,1998
2888,7733,1998
2898,4017,1998
2898,7401,1998
2898,9252,1998
2902,3201,1998
2902,9027,1998
2902,9028,1998
2902,9170,1998
2916,3804,1998
2922,4196,1998
2929,8051,1998
2929,9225,1998
2929,9226,1998
2929,9227,1998
2929,9228,1998
2929,9229,1998
2929,9230,1998
2929,9231,1998
2929,9232,1998
2940,3224,1998
2940,5867,1998
2940,6725,1998
2940,9020,1998
2940,9237,1998
2940,9297,1998
2940,9298,1998
2940,9299,1998
2940,9428,1998
2940,9429,1998
2940,9430,1998
2940,9431,1998
2940,9653,1998
2940,9654,1998
2940,9735,1998
2940,9736,1998
2940,9737,1998
2940,9738,1998
2940,9760,1998
2940,9761,1998
2940,9762,1998
2940,9763,1998
2942,3759,1998
2942,3760,1998
2942,9919,1998
2956,7671,1998
2965,10011,1998
2972,6555,1998
2972,6704,1998
2972,8713,1998
2972,10031,1998
2972,10032,1998
2972,10187,1998
2977,2978,1998
2977,8294,1998
2977,8295,1998
2977,9791,1998
2977,9870,1998
2977,9873,1998
2977,9874,1998
2978,8294,1998
2978,8295,1998
2978,9791,1998
2978,9870,1998
2978,9873,1998
2978,9874,1998
2989,10169,1998
2989,10170,1998
2989,10171,1998
3011,5969,1998
3011,9630,1998
3013,9832,1998
3013,9898,1998
3013,9899,1998
3013,9900,1998
3013,9901,1998
3040,9323,1998
3040,9566,1998
3040,9567,1998
3040,9734,1998
3041,9322,1998
3046,9103,1998
3046,10231,1998
3048,9790,1998
3049,9401,1998
3063,3064,1998
3069,10093,1998
3071,5063,1998
3075,3514,1998
3075,9072,1998
3082,3221,1998
3082,3962,1998
3082,4075,1998
3082,5854,1998
3082,8208,1998
3082,8477,1998
3097,9412,1998
3101,8938,1998
3103,6330,1998
3116,6548,1998
3119,5363,1998
3119,8947,1998
3123,8637,1998
3123,9910,1998
3123,9911,1998
3125,10338,1998
3130,9669,1998
3136,10261,1998
3137,6672,1998
3162,7972,1998
3162,10268,1998
3165,4508,1998
3166,8552,1998
3177,3736,1998
3177,3801,1998
3177,4246,1998
3177,8449,1998
3201,5056,1998
3201,9170,1998
3213,4711,1998
3220,5740,1998
3220,7053,1998
3220,8092,1998
3221,3962,1998
3221,4394,1998
3221,5146,1998
3221,5784,1998
3221,10144,1998
3224,9653,1998
3224,9654,1998
3242,3243,1998
3242,7756,1998
3243,7756,1998
3251,6959,1998
3251,9234,1998
3251,9235,1998
3251,9618,1998
3251,9795,1998
3251,10192,1998
3251,10233,1998
3267,6671,1998
3267,7132,1998
3267,8490,1998
3267,9740,1998
3267,9741,1998
3267,9742,1998
3267,10030,1998
3275,8669,1998
3306,9783,1998
3308,9629,1998
3314,3587,1998
3314,9107,1998
3314,9108,1998
3329,9205,1998
3355,9370,1998
3355,9371,1998
3355,9372,1998
3356,9425,1998
3356,9510,1998
3356,9511,1998
3356,9512,1998
3356,9777,1998
3356,9778,1998
3356,9779,1998
3356,9810,1998
3361,9178,1998
3361,9179,1998
3361,9180,1998
3374,9799,1998
3376,6735,1998
3376,9083,1998
3376,10332,1998
3390,10101,1998
3390,10102,1998
3401,8950,1998
3401,9596,1998
3401,10345,1998
3417,9650,1998
3428,6015,1998
3428,7961,1998
3435,8479,1998
3435,9769,1998
3437,9569,1998
3449,9242,1998
3449,9243,1998
3480,5227,1998
3480,5951,1998
3480,5953,1998
3480,6231,1998
3480,7401,1998
3480,9640,1998
3490,5428,1998
3491,5226,1998
3491,9158,1998
3491,9159,1998
3491,9362,1998
3491,9436,1998
3491,9437,1998
3497,6290,1998
3497,9620,1998
3508,10096,1998
3509,9023,1998
3509,9024,1998
3514,6540,1998
3514,9072,1998
3514,9296,1998
3532,7840,1998
3537,7320,1998
3553,9030,1998
3553,9031,1998
3558,5246,1998
3558,5407,1998
3558,7877,1998
3582,10353,1998
3587,9107,1998
3587,9108,1998
3598,3843,1998
3598,6618,1998
3598,7917,1998
3603,3604,1998
3603,7715,1998
3603,8014,1998
3603,9415,1998
3604,8014,1998
3606,9525,1998
3606,9980,1998
3606,9981,1998
3606,10324,1998
3615,8956,1998
3652,8884,1998
3652,9201,1998
3652,10210,1998
3659,9493,1998
3659,9494,1998
3677,3761,1998
3677,9449,1998
3688,9943,1998
3736,8449,1998
3737,8400,1998
3746,10258,1998
3754,3756,1998
3754,6946,1998
3754,6976,1998
3754,9675,1998
3754,9676,1998
3754,9983,1998
3754,9984,1998
3756,6946,1998
3756,6976,1998
3756,9675,1998
3756,9676,1998
3757,3787,1998
3759,3760,1998
3759,9919,1998
3760,9919,1998
3761,9449,1998
3782,3783,1998
3782,5565,1998
3783,5565,1998
3787,5470,1998
3790,4155,1998
3790,9096,1998
3796,3797,1998
3796,10325,1998
3797,5484,1998
3797,5609,1998
3801,4246,1998
3803,9338,1998
3843,6618,1998
3843,7917,1998
3850,4316,1998
3850,7365,1998
3872,5913,1998
3872,9181,1998
3899,7468,1998
3906,8914,1998
3915,5423,1998
3915,6206,1998
3915,6783,1998
3915,7786,1998
3925,3926,1998
3925,9217,1998
3926,9217,1998
3934,9621,1998
3934,9622,1998
3934,9623,1998
3961,7217,1998
3962,5146,1998
3962,5784,1998
3962,10144,1998
3966,8958,1998
3966,8959,1998
3977,4506,1998
3977,7683,1998
3977,7684,1998
3979,7930,1998
3979,8045,1998
3983,5223,1998
3983,9530,1998
3983,9608,1998
3983,9609,1998
3983,10226,1998
4019,9262,1998
4021,4609,1998
4025,5052,1998
4025,6209,1998
4026,7284,1998
4026,7527,1998
4026,8203,1998
4027,6998,1998
4027,10113,1998
4034,9670,1998
4039,9452,1998
4044,9641,1998
4075,4570,1998
4075,8208,1998
4122,5754,1998
4122,9168,1998
4122,9310,1998
4122,9311,1998
4122,9312,1998
4122,9313,1998
4122,10322,1998
4122,10323,1998
4138,10043,1998
4155,9096,1998
4167,9190,1998
4167,9191,1998
4188,8860,1998
4190,6248,1998
4190,9064,1998
4190,9065,1998
4195,9049,1998
4199,7993,1998
4205,5118,1998
4205,9849,1998
4216,9410,1998
4230,5592,1998
4230,5945,1998
4230,6219,1998
4238,9116,1998
4242,4953,1998
4242,8344,1998
4242,8345,1998
4242,9267,1998
4242,9268,1998
4242,9594,1998
4242,9595,1998
4246,5188,1998
4246,5810,1998
4246,8126,1998
4290,9687,1998
4316,7274,1998
4316,7365,1998
4316,7686,1998
4316,10100,1998
4331,4332,1998
4331,4333,1998
4331,4334,1998
4331,9869,1998
4332,4333,1998
4334,9869,1998
4342,5521,1998
4342,9157,1998
4359,10148,1998
4361,9353,1998
4394,5784,1998
4403,4404,1998
4403,4405,1998
4404,4405,1998
4407,4408,1998
4407,9942,1998
4408,10107,1998
4413,4415,1998
4413,9302,1998
4413,10017,1998
4422,5153,1998
4422,5222,1998
4422,6699,1998
4422,6700,1998
4422,8987,1998
4422,8988,1998
4422,9009,1998
4422,9010,1998
4422,9011,1998
4422,9250,1998
4422,9251,1998
4422,10216,1998
4422,10259,1998
4429,9767,1998
4429,9768,1998
4439,9624,1998
4451,5177,1998
4451,7710,1998
4451,9294,1998
4451,9757,1998
4490,5923,1998
4491,5469,1998
4492,9066,1998
4492,9067,1998
4492,9960,1998
4492,9961,1998
4512,5460,1998
4512,6289,1998
4517,9120,1998
4517,9568,1998
4518,9339,1998
4518,9340,1998
4521,9339,1998
4528,9073,1998
4530,5441,1998
4530,10028,1998
4535,5359,1998
4535,8209,1998
4535,9968,1998
4537,4539,1998
4538,9202,1998
4560,9172,1998
4561,9172,1998
4570,4805,1998
4570,5854,1998
4574,5195,1998
4574,9160,1998
4574,9829,1998
4588,9175,1998
4588,9176,1998
4588,9177,1998
4599,4600,1998
4603,10156,1998
4603,10157,1998
4603,10158,1998
4603,10159,1998
4603,10160,1998
4609,4610,1998
4609,9253,1998
4609,9597,1998
4610,7262,1998
4610,10348,1998
4611,4612,1998
4671,6546,1998
4671,6547,1998
4671,9750,1998
4671,10190,1998
4672,9261,1998
4678,5227,1998
4678,6133,1998
4678,6471,1998
4678,6472,1998
4678,7900,1998
4679,7401,1998
4679,8012,1998
4686,5688,1998
4686,9897,1998
4691,4692,1998
4691,4693,1998
4691,9143,1998
4692,4693,1998
4692,9143,1998
4693,9143,1998
4699,4971,1998
4699,5475,1998
4699,9826,1998
4705,5212,1998
4705,7300,1998
4705,8437,1998
4705,9021,1998
4721,5602,1998
4726,6981,1998
4726,9677,1998
4726,9678,1998
4726,9863,1998
4727,9325,1998
4727,9326,1998
4731,9140,1998
4732,9187,1998
4744,8110,1998
4764,4994,1998
4764,9558,1998
4783,4784,1998
4783,9174,1998
4783,9467,1998
4784,9174,1998
4804,9782,1998
4804,9851,1998
4805,5854,1998
4817,6487,1998
4817,6488,1998
4829,7374,1998
4846,5685,1998
4846,6070,1998
4846,7726,1998
4846,8982,1998
4849,10236,1998
4851,8626,1998
4851,9666,1998
4864,5534,1998
4864,9857,1998
4871,6100,1998
4871,6318,1998
4871,8143,1998
4875,10172,1998
4875,10173,1998
4875,10174,1998
4885,4886,1998
4917,4918,1998
4917,4919,1998
4918,4919,1998
4919,9501,1998
4919,10269,1998
4953,9267,1998
4953,9268,1998
4953,9594,1998
4953,9595,1998
4958,9490,1998
4966,5806,1998
4966,5807,1998
4966,9200,1998
4966,9327,1998
4966,9328,1998
4967,10337,1998
4971,5475,1998
4971,9826,1998
4981,6372,1998
4984,8174,1998
4984,8175,1998
4987,9924,1998
4988,7974,1998
4988,9501,1998
4994,9558,1998
5002,7710,1998
5002,9082,1998
5028,10098,1998
5028,10099,1998
5031,6191,1998
5039,9912,1998
5039,9913,1998
5051,6104,1998
5051,9430,1998
5051,10026,1998
5051,10027,1998
5052,6209,1998
5052,8045,1998
5052,8969,1998
5056,9170,1998
5063,5516,1998
5063,6018,1998
5063,9542,1998
5072,9459,1998
5072,9460,1998
5072,9495,1998
5072,9496,1998
5072,9554,1998
5072,9744,1998
5077,9240,1998
5077,9938,1998
5077,10161,1998
5084,7240,1998
5084,9998,1998
5084,9999,1998
5084,10000,1998
5084,10001,1998
5099,5227,1998
5099,6133,1998
5099,6485,1998
5099,6593,1998
5099,7685,1998
5108,5109,1998
5117,8080,1998
5117,9060,1998
5118,5729,1998
5118,9303,1998
5118,9849,1998
5121,5122,1998
5121,9278,1998
5153,5222,1998
5153,9009,1998
5153,9010,1998
5153,9011,1998
5157,9701,1998
5177,7710,1998
5177,9757,1998
5182,9118,1998
5182,10163,1998
5182,10164,1998
5183,7921,1998
5183,8335,1998
5188,5810,1998
5188,8126,1998
5195,7930,1998
5195,8045,1998
5195,9829,1998
5196,9487,1998
5207,7040,1998
5212,7300,1998
5212,8437,1998
5212,9021,1998
5212,9378,1998
5213,6005,1998
5213,6774,1998
5213,8249,1998
5213,9115,1998
5217,6539,1998
5218,8943,1998
5222,9009,1998
5222,9010,1998
5222,9011,1998
5223,9530,1998
5223,9608,1998
5223,9609,1998
5226,9436,1998
5226,9437,1998
5227,6135,1998
5227,7900,1998
5228,6421,1998
5228,9584,1998
5228,9585,1998
5228,9589,1998
5248,9759,1998
5309,8285,1998
5311,8980,1998
5311,8981,1998
5325,6795,1998
5362,5363,1998
5362,8951,1998
5363,8951,1998
5363,9708,1998
5366,9811,1998
5371,9274,1998
5371,9275,1998
5371,9606,1998
5371,9607,1998
5393,9627,1998
5394,9619,1998
5402,7129,1998
5402,8300,1998
5402,9409,1998
5402,9563,1998
5402,9927,1998
5402,9928,1998
5402,9997,1998
5415,6895,1998
5415,9147,1998
5415,9148,1998
5418,9613,1998
5423,6206,1998
5423,6783,1998
5423,7274,1998
5423,7786,1998
5424,5425,1998
5424,5731,1998
5424,9342,1998
5425,5731,1998
5425,9342,1998
5428,9745,1998
5430,9015,1998
5430,9427,1998
5430,9925,1998
5430,9926,1998
5432,9932,1998
5432,9933,1998
5441,5442,1998
5441,10028,1998
5441,10234,1998
5441,10235,1998
5450,5451,1998
5450,5452,1998
5451,5452,1998
5451,9931,1998
5469,5470,1998
5469,8999,1998
5470,8999,1998
5475,9826,1998
5484,5609,1998
5489,8259,1998
5516,6018,1998
5521,9157,1998
5522,5833,1998
5522,9695,1998
5531,9923,1998
5532,7927,1998
5534,9857,1998
5539,6792,1998
5539,8108,1998
5542,6513,1998
5549,9706,1998
5549,9707,1998
5550,9247,1998
5550,9248,1998
5551,6099,1998
5551,6413,1998
5551,6414,1998
5551,8336,1998
5565,7773,1998
5568,9293,1998
5568,9349,1998
5568,9350,1998
5568,9351,1998
5568,9352,1998
5568,10147,1998
5568,10227,1998
5568,10228,1998
5568,10310,1998
5572,9564,1998
5575,8675,1998
5575,9953,1998
5575,9954,1998
5575,9955,1998
5575,9956,1998
5575,9957,1998
5575,9958,1998
5575,9959,1998
5576,9875,1998
5576,9876,1998
5576,9877,1998
5576,10363,1998
5576,10364,1998
5582,10123,1998
5582,10124,1998
5583,7501,1998
5583,7503,1998
5583,9804,1998
5592,5945,1998
5592,6219,1998
5602,8298,1998
5604,8044,1998
5633,7717,1998
5669,9059,1998
5685,6084,1998
5685,6099,1998
5685,6413,1998
5685,9610,1998
5685,9611,1998
5695,8960,1998
5695,8961,1998
5695,8962,1998
5707,9823,1998
5725,6147,1998
5725,6148,1998
5725,9821,1998
5729,5730,1998
5729,9303,1998
5729,9365,1998
5729,9366,1998
5730,9365,1998
5730,9366,1998
5731,9342,1998
5740,6945,1998
5741,9488,1998
5741,9489,1998
5754,5944,1998
5754,9168,1998
5754,9310,1998
5754,9311,1998
5754,9312,1998
5754,9313,1998
5754,10322,1998
5754,10323,1998
5763,8108,1998
5763,8638,1998
5769,7633,1998
5769,8433,1998
5769,8874,1998
5780,9236,1998
5792,9846,1998
5797,8976,1998
5800,9477,1998
5801,9188,1998
5801,9189,1998
5806,5807,1998
5806,9051,1998
5806,9376,1998
5810,8037,1998
5810,8126,1998
5837,9776,1998
5837,10145,1998
5840,9786,1998
5840,10239,1998
5844,6108,1998
5844,8979,1998
5854,5856,1998
5854,8477,1998
5858,5859,1998
5858,6095,1998
5867,9735,1998
5867,9736,1998
5867,9737,1998
5867,9738,1998
5873,8827,1998
5876,9600,1998
5876,9601,1998
5882,10185,1998
5894,5906,1998
5894,8428,1998
5894,8480,1998
5896,7979,1998
5899,5900,1998
5906,8428,1998
5906,8480,1998
5913,9181,1998
5923,6120,1998
5944,9168,1998
5944,9310,1998
5944,9311,1998
5944,9312,1998
5944,9313,1998
5945,6219,1998
5945,10344,1998
5946,5955,1998
5946,9827,1998
5951,5953,1998
5951,9640,1998
5952,9893,1998
5953,9640,1998
5955,9827,1998
5971,5972,1998
5989,7221,1998
5989,8366,1998
5989,8708,1998
5989,9203,1998
5989,9204,1998
5992,5994,1998
5999,6000,1998
6003,7386,1998
6003,7387,1998
6003,9353,1998
6005,6774,1998
6005,8249,1998
6005,9115,1998
6011,7692,1998
6011,9004,1998
6015,7961,1998
6018,9542,1998
6023,7429,1998
6023,9071,1998
6023,9256,1998
6026,6889,1998
6026,9889,1998
6026,10082,1998
6026,10083,1998
6032,6277,1998
6032,7444,1998
6032,8737,1998
6032,8834,1998
6042,8282,1998
6042,8283,1998
6042,9918,1998
6044,8619,1998
6044,8620,1998
6044,10331,1998
6057,6058,1998
6057,8769,1998
6058,8769,1998
6067,9572,1998
6070,9289,1998
6071,9355,1998
6071,9356,1998
6081,6082,1998
6081,6083,1998
6082,6083,1998
6085,9144,1998
6091,8430,1998
6091,8431,1998
6091,9902,1998
6099,6413,1998
6099,6414,1998
6099,10047,1998
6103,8974,1998
6103,9509,1998
6104,9430,1998
6104,10026,1998
6104,10027,1998
6108,8979,1998
6133,6471,1998
6133,6472,1998
6133,7685,1998
6133,8275,1998
6135,9859,1998
6146,8824,1998
6147,6148,1998
6147,6691,1998
6147,8120,1998
6147,9821,1998
6148,8120,1998
6148,9821,1998
6170,6793,1998
6170,9112,1998
6184,9390,1998
6191,7082,1998
6196,9699,1998
6196,9700,1998
6206,6783,1998
6206,7786,1998
6209,7840,1998
6209,10280,1998
6226,6486,1998
6231,6232,1998
6231,9050,1998
6236,6237,1998
6239,9291,1998
6248,9064,1998
6248,9065,1998
6255,9617,1998
6255,9971,1998
6255,9972,1998
6255,9973,1998
6282,8884,1998
6282,9201,1998
6287,9290,1998
6290,9620,1998
6366,9430,1998
6366,9545,1998
6366,9546,1998
6366,9547,1998
6366,9548,1998
6372,9534,1998
6378,7400,1998
6379,6506,1998
6379,7005,1998
6379,7569,1998
6379,10061,1998
6413,6414,1998
6413,8639,1998
6413,10047,1998
6417,6418,1998
6417,10131,1998
6418,10131,1998
6421,9019,1998
6421,9589,1998
6435,9171,1998
6435,9553,1998
6435,10137,1998
6435,10138,1998
6443,6654,1998
6443,6655,1998
6443,9022,1998
6459,9002,1998
6459,9573,1998
6471,6472,1998
6471,6486,1998
6474,9513,1998
6474,10217,1998
6474,10218,1998
6474,10219,1998
6476,8337,1998
6476,9602,1998
6476,9603,1998
6476,9944,1998
6476,9945,1998
6478,9858,1998
6485,8781,1998
6487,6488,1998
6506,7005,1998
6506,7569,1998
6506,10061,1998
6518,9357,1998
6518,10287,1998
6527,6528,1998
6527,9903,1998
6527,9904,1998
6528,9903,1998
6528,9904,1998
6544,9215,1998
6544,9216,1998
6546,6547,1998
6546,10190,1998
6547,10190,1998
6548,10319,1998
6549,6862,1998
6551,8628,1998
6551,8998,1998
6555,8713,1998
6555,9464,1998
6555,9465,1998
6567,6568,1998
6575,8977,1998
6575,8978,1998
6586,10225,1998
6590,7631,1998
6590,7632,1998
6604,9681,1998
6618,7917,1998
6636,6637,1998
6636,9335,1998
6637,9335,1998
6640,6642,1998
6641,6643,1998
6654,6655,1998
6654,9022,1998
6655,9022,1998
6657,9463,1998
6666,6667,1998
6666,9527,1998
6667,9527,1998
6671,10030,1998
6672,9133,1998
6675,9535,1998
6699,6700,1998
6699,8987,1998
6699,8988,1998
6699,10216,1998
6700,8987,1998
6700,8988,1998
6700,10216,1998
6704,10031,1998
6704,10032,1998
6725,9020,1998
6734,6735,1998
6734,8222,1998
6734,9309,1998
6734,9806,1998
6735,9806,1998
6735,9824,1998
6736,6737,1998
6764,6765,1998
6768,10066,1998
6769,8346,1998
6769,8781,1998
6769,9562,1998
6772,10209,1998
6774,8249,1998
6774,9115,1998
6774,10241,1998
6774,10285,1998
6791,6792,1998
6791,8240,1998
6792,8047,1998
6792,8108,1998
6792,8240,1998
6792,9565,1998
6793,9112,1998
6858,10108,1998
6872,8843,1998
6875,8647,1998
6875,9712,1998
6875,9713,1998
6875,9714,1998
6875,9715,1998
6875,9716,1998
6875,9717,1998
6875,9718,1998
6889,9889,1998
6889,10082,1998
6889,10083,1998
6891,8376,1998
6895,9147,1998
6895,9148,1998
6906,9871,1998
6906,9872,1998
6914,6915,1998
6914,10048,1998
6915,10048,1998
6921,8967,1998
6930,6931,1998
6945,8756,1998
6946,6976,1998
6946,9675,1998
6946,9676,1998
6946,9983,1998
6946,9984,1998
6959,9618,1998
6967,8990,1998
6967,8991,1998
6968,8794,1998
6968,8795,1998
6969,9922,1998
6975,8416,1998
6975,8417,1998
6976,9675,1998
6976,9676,1998
6981,9677,1998
6981,9678,1998
6982,7733,1998
6988,6989,1998
6990,7191,1998
7005,10061,1998
7026,9816,1998
7026,9817,1998
7026,9818,1998
7026,9819,1998
7026,9820,1998
7053,8092,1998
7085,9219,1998
7085,9220,1998
7085,9221,1998
7085,9222,1998
7102,10263,1998
7102,10264,1998
7102,10265,1998
7102,10266,1998
7102,10267,1998
7103,7591,1998
7103,8741,1998
7120,9068,1998
7120,9069,1998
7120,9070,1998
7129,8300,1998
7129,9927,1998
7129,9928,1998
7132,9740,1998
7132,9741,1998
7132,9742,1998
7178,9086,1998
7184,9263,1998
7204,10298,1998
7204,10299,1998
7204,10300,1998
7204,10301,1998
7206,9332,1998
7206,9333,1998
7211,7212,1998
7221,8366,1998
7221,8708,1998
7221,9203,1998
7221,9204,1998
7236,8285,1998
7236,9688,1998
7236,9689,1998
7236,9690,1998
7240,9998,1998
7240,9999,1998
7240,10000,1998
7240,10001,1998
7262,10012,1998
7262,10162,1998
7262,10348,1998
7274,7365,1998
7274,7786,1998
7284,8203,1998
7285,7324,1998
7292,7293,1998
7292,9990,1998
7293,9990,1998
7300,8437,1998
7300,8438,1998
7300,8953,1998
7300,9021,1998
7300,9378,1998
7315,9117,1998
7315,9118,1998
7315,9119,1998
7322,9218,1998
7327,7329,1998
7327,9533,1998
7329,9533,1998
7331,8209,1998
7365,7686,1998
7365,10100,1998
7367,7368,1998
7374,10200,1998
7374,10201,1998
7374,10202,1998
7375,7376,1998
7379,9579,1998
7379,9580,1998
7385,7729,1998
7386,7387,1998
7386,8859,1998
7386,8939,1998
7386,8940,1998
7386,9353,1998
7387,7844,1998
7387,7846,1998
7387,8859,1998
7387,8939,1998
7387,8940,1998
7387,9353,1998
7387,9373,1998
7387,9638,1998
7387,9639,1998
7387,9907,1998
7388,9281,1998
7388,9282,1998
7388,9287,1998
7389,8723,1998
7389,8724,1998
7389,9141,1998
7401,8012,1998
7401,8781,1998
7401,9252,1998
7404,10146,1998
7407,9353,1998
7429,9071,1998
7429,9645,1998
7429,9646,1998
7433,7640,1998
7433,8195,1998
7433,9008,1998
7433,10371,1998
7447,7448,1998
7447,7986,1998
7447,8836,1998
7447,9917,1998
7448,9917,1998
7470,7471,1998
7470,9361,1998
7470,10205,1998
7470,10206,1998
7471,9361,1998
7471,10205,1998
7471,10206,1998
7491,9134,1998
7491,9135,1998
7499,7501,1998
7499,10314,1998
7499,10315,1998
7499,10316,1998
7501,7503,1998
7501,9804,1998
7501,10314,1998
7501,10315,1998
7501,10316,1998
7503,9804,1998
7503,10314,1998
7503,10315,1998
7503,10368,1998
7505,9878,1998
7512,7960,1998
7512,10360,1998
7526,9721,1998
7526,9722,1998
7526,9723,1998
7526,9724,1998
7540,10355,1998
7540,10356,1998
7540,10357,1998
7540,10358,1998
7541,7542,1998
7541,9865,1998
7541,10359,1998
7542,10359,1998
7575,9164,1998
7575,9165,1998
7575,9166,1998
7591,8741,1998
7629,9249,1998
7631,7632,1998
7633,8874,1998
7634,10308,1998
7647,9240,1998
7649,7650,1998
7660,9455,1998
7664,9210,1998
7664,10207,1998
7683,7684,1998
7692,9004,1998
7710,8278,1998
7710,9082,1998
7710,9341,1998
7710,9757,1998
7715,9415,1998
7721,9680,1998
7727,8100,1998
7727,9411,1998
7734,7735,1998
7734,7736,1998
7734,7739,1998
7735,7736,1998
7735,7739,1998
7736,7739,1998
7736,10365,1998
7742,9239,1998
7747,9521,1998
7748,7874,1998
7748,7875,1998
7748,7876,1998
7753,10033,1998
7753,10034,1998
7753,10035,1998
7763,9855,1998
7763,9856,1998
7763,10317,1998
7763,10318,1998
7774,7775,1998
7789,7790,1998
7811,8079,1998
7813,7814,1998
7829,9626,1998
7844,7846,1998
7844,9373,1998
7846,9373,1998
7874,7875,1998
7874,7876,1998
7875,7876,1998
7880,8533,1998
7880,8534,1998
7890,9377,1998
7900,9238,1998
7915,7916,1998
7917,8293,1998
7918,9982,1998
7921,8335,1998
7921,8916,1998
7921,8917,1998
7926,9324,1998
7930,8045,1998
7940,7941,1998
7948,8877,1998
7948,10128,1998
7948,10129,1998
7949,8110,1998
7953,9125,1998
7956,9457,1998
7956,9458,1998
7957,10260,1998
7960,10360,1998
7974,9501,1998
7975,8653,1998
7976,8044,1998
7986,8836,1998
7995,9442,1998
7995,9443,1998
7995,9444,1998
8017,10177,1998
8030,9198,1998
8044,8975,1998
8045,8969,1998
8047,9565,1998
8051,9225,1998
8051,9226,1998
8051,9227,1998
8051,9228,1998
8051,9229,1998
8051,9230,1998
8051,9231,1998
8051,9232,1998
8070,8072,1998
8070,8330,1998
8070,9502,1998
8070,9764,1998
8072,8330,1998
8072,9502,1998
8072,9764,1998
8080,9060,1998
8082,8989,1998
8100,9411,1998
8107,8108,1998
8108,8638,1998
8110,9705,1998
8114,8115,1998
8130,9661,1998
8152,8153,1998
8152,9038,1998
8152,9039,1998
8153,9038,1998
8153,9039,1998
8167,9396,1998
8167,9397,1998
8167,9398,1998
8174,8175,1998
8188,9561,1998
8188,9562,1998
8195,10371,1998
8201,9801,1998
8222,9309,1998
8231,8232,1998
8240,9003,1998
8240,9223,1998
8242,9491,1998
8249,9115,1998
8251,9967,1998
8253,8254,1998
8257,9015,1998
8261,8262,1998
8278,9341,1998
8282,8283,1998
8285,9688,1998
8285,9689,1998
8285,9690,1998
8294,8295,1998
8300,9825,1998
8300,9927,1998
8300,9928,1998
8306,8307,1998
8325,8963,1998
8330,9502,1998
8330,9764,1998
8336,9334,1998
8336,9805,1998
8337,9602,1998
8337,9603,1998
8337,9944,1998
8337,9945,1998
8339,8340,1998
8344,8345,1998
8344,9268,1998
8345,9267,1998
8345,9268,1998
8346,8654,1998
8346,9331,1998
8346,10186,1998
8353,9142,1998
8357,8358,1998
8366,8708,1998
8366,9203,1998
8366,9204,1998
8375,10152,1998
8375,10153,1998
8375,10154,1998
8377,10188,1998
8383,8729,1998
8383,9486,1998
8394,9684,1998
8397,8489,1998
8397,8490,1998
8397,8491,1998
8397,10272,1998
8416,8417,1998
8428,8480,1998
8430,8431,1998
8430,8432,1998
8430,9902,1998
8431,8432,1998
8431,9902,1998
8437,8438,1998
8437,8953,1998
8437,9021,1998
8438,8953,1998
8441,9283,1998
8483,8484,1998
8486,10343,1998
8489,8490,1998
8489,8491,1998
8489,10272,1998
8490,8491,1998
8490,10030,1998
8490,10272,1998
8491,10272,1998
8499,10023,1998
8513,9018,1998
8522,9145,1998
8527,10307,1998
8529,9100,1998
8529,10155,1998
8533,8534,1998
8538,9461,1998
8592,8593,1998
8595,8596,1998
8595,9540,1998
8596,9540,1998
8605,8606,1998
8619,8620,1998
8619,10331,1998
8620,10331,1998
8622,9271,1998
8626,9666,1998
8628,8998,1998
8632,9522,1998
8632,9523,1998
8635,9476,1998
8637,9910,1998
8637,9911,1998
8647,9712,1998
8647,9713,1998
8647,9714,1998
8647,9715,1998
8647,9716,1998
8647,9717,1998
8647,9718,1998
8647,10037,1998
8647,10038,1998
8647,10039,1998
8647,10040,1998
8647,10041,1998
8647,10042,1998
8653,9503,1998
8653,9504,1998
8654,9331,1998
8666,9979,1998
8675,9953,1998
8675,9954,1998
8675,9955,1998
8675,9956,1998
8675,9957,1998
8675,9958,1998
8675,9959,1998
8680,8682,1998
8680,10006,1998
8680,10007,1998
8680,10008,1998
8682,9497,1998
8682,9498,1998
8682,9499,1998
8682,9500,1998
8682,10006,1998
8682,10007,1998
8682,10008,1998
8684,8685,1998
8689,8690,1998
8689,8691,1998
8689,8692,1998
8689,8693,1998
8690,8691,1998
8690,8692,1998
8690,8693,1998
8691,8692,1998
8691,8693,1998
8692,8693,1998
8696,8697,1998
8696,8698,1998
8696,8699,1998
8697,8698,1998
8697,8699,1998
8698,8699,1998
8708,9203,1998
8708,9204,1998
8723,8724,1998
8723,9141,1998
8723,9891,1998
8723,10214,1998
8723,10215,1998
8724,10024,1998
8724,10025,1998
8729,9486,1998
8731,8732,1998
8737,8834,1998
8753,8754,1998
8756,10198,1998
8756,10199,1998
8762,9472,1998
8772,8773,1998
8772,9014,1998
8773,9014,1998
8774,9374,1998
8774,9375,1998
8780,8781,1998
8785,10178,1998
8787,8788,1998
8787,9798,1998
8788,9798,1998
8792,9772,1998
8794,8795,1998
8806,8807,1998
8806,9711,1998
8806,9936,1998
8806,10139,1998
8807,9936,1998
8809,8811,1998
8809,9288,1998
8811,9288,1998
8823,8824,1998
8823,10191,1998
8824,10191,1998
8830,10354,1998
8830,10361,1998
8830,10362,1998
8832,8833,1998
8833,10224,1998
8859,8939,1998
8859,8940,1998
8868,10262,1998
8872,9432,1998
8877,10128,1998
8877,10129,1998
8879,9574,1998
8879,9575,1998
8879,9576,1998
8884,9201,1998
8916,8917,1998
8939,8940,1998
8941,8942,1998
8944,8945,1998
8948,8949,1998
8948,9894,1998
8950,9588,1998
8951,8952,1998
8951,9708,1998
8951,10240,1998
8952,10240,1998
8958,8959,1998
8960,8961,1998
8960,8962,1998
8961,8962,1998
8964,8965,1998
8964,8966,1998
8965,8966,1998
8970,8971,1998
8970,8972,1998
8970,8973,1998
8971,8972,1998
8971,8973,1998
8972,8973,1998
8974,9083,1998
8974,10328,1998
8977,8978,1998
8980,8981,1998
8985,8986,1998
8987,8988,1998
8987,10216,1998
8990,8991,1998
8990,9063,1998
8992,8993,1998
8992,8994,1998
8993,8994,1998
8995,8996,1998
8995,8997,1998
8996,8997,1998
9000,9001,1998
9000,9002,1998
9001,9002,1998
9002,9573,1998
9003,9223,1998
9005,9006,1998
9005,9007,1998
9006,9007,1998
9009,9010,1998
9009,9011,1998
9010,9011,1998
9012,9013,1998
9016,9017,1998
9023,9024,1998
9023,9962,1998
9023,9963,1998
9023,9964,1998
9023,9965,1998
9023,9966,1998
9024,9962,1998
9024,9963,1998
9024,9964,1998
9024,9965,1998
9024,9966,1998
9025,9026,1998
9027,9028,1998
9030,9031,1998
9032,9033,1998
9034,9035,1998
9036,9037,1998
9036,9038,1998
9036,9039,1998
9037,9038,1998
9037,9039,1998
9038,9039,1998
9040,9041,1998
9042,9043,1998
9044,9045,1998
9046,9047,1998
9046,9048,1998
9047,9048,1998
9050,9395,1998
9050,9524,1998
9051,9376,1998
9052,9053,1998
9052,9054,1998
9053,9054,1998
9056,9057,1998
9056,9058,1998
9057,9058,1998
9061,9062,1998
9064,9065,1998
9066,9067,1998
9068,9069,1998
9068,9070,1998
9069,9070,1998
9072,9296,1998
9074,9075,1998
9076,9077,1998
9076,9078,1998
9076,9079,1998
9077,9078,1998
9077,9079,1998
9078,9079,1998
9080,9081,1998
9081,9086,1998
9083,10328,1998
9083,10332,1998
9084,9085,1998
9087,9088,1998
9087,9089,1998
9087,9090,1998
9088,9089,1998
9088,9090,1998
9089,9090,1998
9091,9092,1998
9093,9094,1998
9093,9095,1998
9094,9095,1998
9097,9098,1998
9097,9099,1998
9098,9099,1998
9101,9102,1998
9104,9105,1998
9104,9106,1998
9104,9109,1998
9104,9110,1998
9104,9111,1998
9105,9106,1998
9105,9109,1998
9105,9110,1998
9105,9111,1998
9106,9109,1998
9106,9110,1998
9106,9111,1998
9107,9108,1998
9109,9110,1998
9109,9111,1998
9110,9111,1998
9113,9114,1998
9117,9118,1998
9117,9119,1998
9118,9119,1998
9118,10163,1998
9118,10164,1998
9120,9568,1998
9121,9122,1998
9121,9123,1998
9121,9124,1998
9122,9123,1998
9122,9124,1998
9123,9124,1998
9127,9128,1998
9127,9129,1998
9127,9130,1998
9128,9129,1998
9128,9130,1998
9129,9130,1998
9132,9133,1998
9134,9135,1998
9136,9137,1998
9138,9139,1998
9144,9270,1998
9147,9148,1998
9149,9150,1998
9151,9152,1998
9153,9154,1998
9155,9156,1998
9155,9604,1998
9158,9159,1998
9161,9162,1998
9161,9163,1998
9162,9163,1998
9164,9165,1998
9164,9166,1998
9165,9166,1998
9167,9168,1998
9167,9169,1998
9168,9169,1998
9168,9310,1998
9168,9311,1998
9168,9312,1998
9168,9313,1998
9168,10322,1998
9168,10323,1998
9175,9176,1998
9175,9177,1998
9176,9177,1998
9178,9179,1998
9178,9180,1998
9179,9180,1998
9179,9388,1998
9179,9389,1998
9182,9183,1998
9183,10149,1998
9184,9185,1998
9185,9337,1998
9188,9189,1998
9190,9191,1998
9192,9193,1998
9192,9194,1998
9193,9194,1998
9195,9196,1998
9195,9197,1998
9196,9197,1998
9199,9200,1998
9200,9327,1998
9200,9328,1998
9200,9698,1998
9203,9204,1998
9206,9207,1998
9206,9208,1998
9206,9209,1998
9206,10274,1998
9206,10275,1998
9207,9208,1998
9207,9209,1998
9208,9209,1998
9212,9213,1998
9212,9214,1998
9213,9214,1998
9215,9216,1998
9219,9220,1998
9219,9221,1998
9219,9222,1998
9220,9221,1998
9220,9222,1998
9221,9222,1998
9225,9226,1998
9225,9227,1998
9225,9228,1998
9225,9229,1998
9225,9230,1998
9225,9231,1998
9225,9232,1998
9226,9227,1998
9226,9228,1998
9226,9229,1998
9226,9230,1998
9226,9231,1998
9226,9232,1998
9227,9228,1998
9227,9229,1998
9227,9230,1998
9227,9231,1998
9227,9232,1998
9228,9229,1998
9228,9230,1998
9228,9231,1998
9228,9232,1998
9229,9230,1998
9229,9231,1998
9229,9232,1998
9230,9231,1998
9230,9232,1998
9231,9232,1998
9234,9235,1998
9242,9243,1998
9243,9284,1998
9244,9245,1998
9247,9248,1998
9250,9251,1998
9254,9255,1998
9256,9257,1998
9259,9260,1998
9267,9268,1998
9267,9594,1998
9267,9595,1998
9268,9594,1998
9268,9595,1998
9272,9273,1998
9274,9275,1998
9276,9277,1998
9279,9280,1998
9281,9282,1998
9282,9725,1998
9284,9940,1998
9284,9941,1998
9285,9286,1998
9292,9293,1998
9292,9939,1998
9293,9939,1998
9293,10227,1998
9293,10228,1998
9297,9298,1998
9297,9299,1998
9298,9299,1998
9299,9760,1998
9299,9761,1998
9299,9762,1998
9299,9763,1998
9300,9301,1998
9305,9306,1998
9307,9308,1998
9310,9311,1998
9310,9312,1998
9310,9313,1998
9310,10322,1998
9310,10323,1998
9311,9312,1998
9311,9313,1998
9311,10322,1998
9311,10323,1998
9312,9313,1998
9312,10322,1998
9312,10323,1998
9313,10322,1998
9313,10323,1998
9315,9316,1998
9315,9317,1998
9315,9318,1998
9315,9319,1998
9315,9320,1998
9315,9321,1998
9316,9317,1998
9316,9318,1998
9316,9319,1998
9316,9320,1998
9316,9321,1998
9317,9318,1998
9317,9319,1998
9317,9320,1998
9317,9321,1998
9318,9319,1998
9318,9320,1998
9318,9321,1998
9319,9320,1998
9319,9321,1998
9320,9321,1998
9325,9326,1998
9327,9328,1998
9327,9698,1998
9328,9698,1998
9329,9330,1998
9332,9333,1998
9339,9340,1998
9343,9344,1998
9345,9346,1998
9345,9347,1998
9345,9348,1998
9346,9347,1998
9346,9348,1998
9347,9348,1998
9347,9612,1998
9349,9350,1998
9349,9351,1998
9349,9352,1998
9350,9351,1998
9350,9352,1998
9351,9352,1998
9352,10310,1998
9355,9356,1998
9357,10287,1998
9358,9359,1998
9358,9360,1998
9359,9360,1998
9363,9364,1998
9365,9366,1998
9367,9368,1998
9367,9369,1998
9368,9369,1998
9370,9371,1998
9370,9372,1998
9371,9372,1998
9374,9375,1998
9379,9380,1998
9381,9382,1998
9383,9384,1998
9383,9385,1998
9383,9386,1998
9383,9387,1998
9383,9438,1998
9383,9439,1998
9383,9440,1998
9383,9441,1998
9383,9570,1998
9383,9571,1998
9384,9385,1998
9384,9386,1998
9384,9387,1998
9385,9386,1998
9385,9387,1998
9386,9387,1998
9388,9389,1998
9391,9392,1998
9391,9393,1998
9391,9394,1998
9391,10013,1998
9392,9393,1998
9392,9394,1998
9392,10013,1998
9393,9394,1998
9393,10015,1998
9394,10015,1998
9395,9524,1998
9396,9397,1998
9396,9398,1998
9397,9398,1998
9399,9400,1998
9402,9403,1998
9405,9406,1998
9405,9407,1998
9405,9408,1998
9406,9407,1998
9406,9408,1998
9407,9408,1998
9407,9416,1998
9407,9417,1998
9407,9418,1998
9407,9419,1998
9407,9420,1998
9416,9417,1998
9416,9418,1998
9416,9419,1998
9416,9420,1998
9417,9418,1998
9417,9419,1998
9417,9420,1998
9418,9419,1998
9418,9420,1998
9419,9420,1998
9421,9422,1998
9421,9423,1998
9421,9424,1998
9422,9423,1998
9422,9424,1998
9423,9424,1998
9425,9628,1998
9426,9427,1998
9427,9925,1998
9427,9926,1998
9428,9429,1998
9428,9430,1998
9428,9431,1998
9429,9430,1998
9429,9431,1998
9430,9431,1998
9430,9480,1998
9430,9481,1998
9430,9482,1998
9430,9483,1998
9430,9545,1998
9430,9546,1998
9430,9547,1998
9430,9548,1998
9430,10026,1998
9430,10027,1998
9433,9434,1998
9436,9437,1998
9438,9439,1998
9438,9440,1998
9438,9441,1998
9439,9440,1998
9439,9441,1998
9440,9441,1998
9441,9570,1998
9441,9571,1998
9442,9443,1998
9442,9444,1998
9443,9444,1998
9443,9445,1998
9446,9447,1998
9446,9448,1998
9447,9448,1998
9450,9451,1998
9450,9549,1998
9453,9454,1998
9457,9458,1998
9459,9460,1998
9461,9658,1998
9464,9465,1998
9468,9469,1998
9468,9470,1998
9468,9471,1998
9469,9470,1998
9469,9471,1998
9470,9471,1998
9473,9474,1998
9473,9475,1998
9474,9475,1998
9478,9479,1998
9480,9481,1998
9480,9482,1998
9480,9483,1998
9481,9482,1998
9481,9483,1998
9482,9483,1998
9484,9485,1998
9488,9489,1998
9493,9494,1998
9495,9496,1998
9497,9498,1998
9497,9499,1998
9497,9500,1998
9498,9499,1998
9498,9500,1998
9499,9500,1998
9501,10269,1998
9503,9504,1998
9505,9506,1998
9507,9508,1998
9510,9511,1998
9510,9512,1998
9510,9810,1998
9511,9512,1998
9514,9515,1998
9514,9516,1998
9515,9516,1998
9517,9518,1998
9519,9520,1998
9522,9523,1998
9530,9608,1998
9530,9609,1998
9531,9532,1998
9536,9537,1998
9538,9539,1998
9543,9544,1998
9545,9546,1998
9545,9547,1998
9545,9548,1998
9546,9547,1998
9546,9548,1998
9547,9548,1998
9550,9551,1998
9555,9556,1998
9555,9557,1998
9556,9557,1998
9559,9560,1998
9561,9562,1998
9566,9567,1998
9570,9571,1998
9574,9575,1998
9574,9576,1998
9575,9576,1998
9577,9578,1998
9579,9580,1998
9581,9582,1998
9581,9583,1998
9582,9583,1998
9584,9585,1998
9586,9587,1998
9587,9691,1998
9587,9692,1998
9588,9828,1998
9590,9591,1998
9590,9592,1998
9590,9593,1998
9591,9592,1998
9591,9593,1998
9592,9593,1998
9594,9595,1998
9596,10345,1998
9600,9601,1998
9602,9603,1998
9606,9607,1998
9608,9609,1998
9610,9611,1998
9621,9622,1998
9621,9623,1998
9622,9623,1998
9622,9860,1998
9622,9861,1998
9622,9862,1998
9632,9633,1998
9636,9637,1998
9638,9639,1998
9643,9644,1998
9645,9646,1998
9648,9649,1998
9651,9652,1998
9653,9654,1998
9659,9660,1998
9663,9664,1998
9667,9668,1998
9671,9672,1998
9671,9673,1998
9671,9674,1998
9672,9673,1998
9672,9674,1998
9673,9674,1998
9675,9676,1998
9677,9678,1998
9682,9683,1998
9685,9686,1998
9688,9689,1998
9688,9690,1998
9689,9690,1998
9691,9692,1998
9696,9697,1998
9696,9743,1998
9697,9743,1998
9699,9700,1998
9703,9704,1998
9706,9707,1998
9709,9710,1998
9709,9711,1998
9710,9711,1998
9711,9936,1998
9712,9713,1998
9712,9714,1998
9712,9715,1998
9712,9716,1998
9712,9717,1998
9712,9718,1998
9713,9714,1998
9713,9715,1998
9713,9716,1998
9713,9717,1998
9713,9718,1998
9714,9715,1998
9714,9716,1998
9714,9717,1998
9714,9718,1998
9715,9716,1998
9715,9717,1998
9715,9718,1998
9716,9717,1998
9716,9718,1998
9717,9718,1998
9719,9720,1998
9719,9854,1998
9721,9722,1998
9721,9723,1998
9721,9724,1998
9722,9723,1998
9722,9724,1998
9723,9724,1998
9726,9727,1998
9726,9728,1998
9727,9728,1998
9729,9730,1998
9731,9732,1998
9733,9995,1998
9735,9736,1998
9735,9737,1998
9735,9738,1998
9736,9737,1998
9736,9738,1998
9737,9738,1998
9740,9741,1998
9740,9742,1998
9741,9742,1998
9746,9747,1998
9748,9749,1998
9751,9752,1998
9753,9754,1998
9753,9755,1998
9753,9756,1998
9754,9755,1998
9754,9756,1998
9755,9756,1998
9760,9761,1998
9760,9762,1998
9760,9763,1998
9761,9762,1998
9761,9763,1998
9762,9763,1998
9765,9766,1998
9767,9768,1998
9776,10145,1998
9777,9778,1998
9777,9779,1998
9778,9779,1998
9780,9781,1998
9780,9842,1998
9780,9843,1998
9780,9975,1998
9782,9851,1998
9784,9785,1998
9786,9787,1998
9786,10239,1998
9788,9789,1998
9791,9870,1998
9791,9873,1998
9791,9874,1998
9793,9794,1998
9796,9797,1998
9802,9803,1998
9807,9808,1998
9812,9813,1998
9812,9814,1998
9812,9815,1998
9813,9814,1998
9813,9815,1998
9814,9815,1998
9816,9817,1998
9816,9818,1998
9816,9819,1998
9816,9820,1998
9817,9818,1998
9817,9819,1998
9817,9820,1998
9818,9819,1998
9818,9820,1998
9819,9820,1998
9830,9831,1998
9830,9832,1998
9831,9832,1998
9832,9898,1998
9832,9899,1998
9832,9900,1998
9832,9901,1998
9833,9834,1998
9833,9835,1998
9833,9836,1998
9833,9837,1998
9834,9835,1998
9834,9836,1998
9834,9837,1998
9835,9836,1998
9835,9837,1998
9836,9837,1998
9838,9839,1998
9838,9840,1998
9839,9840,1998
9842,9843,1998
9842,9975,1998
9844,9845,1998
9852,9853,1998
9855,9856,1998
9860,9861,1998
9860,9862,1998
9861,9862,1998
9866,9867,1998
9866,9868,1998
9867,9868,1998
9870,9873,1998
9870,9874,1998
9871,9872,1998
9873,9874,1998
9875,9876,1998
9875,9877,1998
9876,9877,1998
9879,9880,1998
9881,9882,1998
9883,9884,1998
9883,9885,1998
9884,9885,1998
9886,9887,1998
9889,9890,1998
9889,9891,1998
9889,10082,1998
9889,10083,1998
9890,9891,1998
9891,10214,1998
9891,10215,1998
9895,9896,1998
9898,9899,1998
9898,9900,1998
9898,9901,1998
9899,9900,1998
9899,9901,1998
9900,9901,1998
9903,9904,1998
9905,9906,1998
9908,9909,1998
9910,9911,1998
9912,9913,1998
9920,9921,1998
9925,9926,1998
9927,9928,1998
9932,9933,1998
9934,9935,1998
9940,9941,1998
9944,9945,1998
9946,9947,1998
9948,9949,1998
9948,9950,1998
9948,9951,1998
9948,9952,1998
9949,9950,1998
9949,9951,1998
9949,9952,1998
9950,9951,1998
9950,9952,1998
9951,9952,1998
9953,9954,1998
9953,9955,1998
9953,9956,1998
9953,9957,1998
9953,9958,1998
9953,9959,1998
9954,9955,1998
9954,9956,1998
9954,9957,1998
9954,9958,1998
9954,9959,1998
9955,9956,1998
9955,9957,1998
9955,9958,1998
9955,9959,1998
9956,9957,1998
9956,9958,1998
9956,9959,1998
9957,9958,1998
9957,9959,1998
9958,9959,1998
9960,9961,1998
9962,9963,1998
9962,9964,1998
9962,9965,1998
9962,9966,1998
9963,9964,1998
9963,9965,1998
9963,9966,1998
9964,9965,1998
9964,9966,1998
9965,9966,1998
9971,9972,1998
9971,9973,1998
9972,9973,1998
9977,9978,1998
9980,9981,1998
9983,9984,1998
9985,9986,1998
9987,9988,1998
9987,9989,1998
9988,9989,1998
9992,9993,1998
9998,9999,1998
9998,10000,1998
9998,10001,1998
9999,10000,1998
9999,10001,1998
10000,10001,1998
10002,10003,1998
10004,10005,1998
10006,10007,1998
10006,10008,1998
10007,10008,1998
10009,10010,1998
10013,10014,1998
10013,10015,1998
10013,10016,1998
10014,10015,1998
10018,10019,1998
10018,10020,1998
10019,10020,1998
10021,10022,1998
10024,10025,1998
10026,10027,1998
10031,10032,1998
10032,10187,1998
10033,10034,1998
10033,10035,1998
10034,10035,1998
10037,10038,1998
10037,10039,1998
10037,10040,1998
10037,10041,1998
10037,10042,1998
10038,10039,1998
10038,10040,1998
10038,10041,1998
10038,10042,1998
10039,10040,1998
10039,10041,1998
10039,10042,1998
10040,10041,1998
10040,10042,1998
10041,10042,1998
10044,10045,1998
10044,10046,1998
10045,10046,1998
10049,10050,1998
10049,10051,1998
10050,10051,1998
10052,10053,1998
10054,10055,1998
10054,10056,1998
10055,10056,1998
10057,10058,1998
10059,10060,1998
10062,10063,1998
10064,10065,1998
10067,10068,1998
10067,10069,1998
10067,10070,1998
10067,10071,1998
10067,10072,1998
10067,10073,1998
10067,10074,1998
10067,10075,1998
10067,10076,1998
10067,10077,1998
10067,10078,1998
10067,10079,1998
10067,10080,1998
10068,10069,1998
10068,10070,1998
10068,10071,1998
10068,10072,1998
10068,10073,1998
10068,10074,1998
10068,10075,1998
10068,10076,1998
10068,10077,1998
10068,10078,1998
10068,10079,1998
10068,10080,1998
10069,10070,1998
10069,10071,1998
10069,10072,1998
10069,10073,1998
10069,10074,1998
10069,10075,1998
10069,10076,1998
10069,10077,1998
10069,10078,1998
10069,10079,1998
10069,10080,1998
10070,10071,1998
10070,10072,1998
10070,10073,1998
10070,10074,1998
10070,10075,1998
10070,10076,1998
10070,10077,1998
10070,10078,1998
10070,10079,1998
10070,10080,1998
10071,10072,1998
10071,10073,1998
10071,10074,1998
10071,10075,1998
10071,10076,1998
10071,10077,1998
10071,10078,1998
10071,10079,1998
10071,10080,1998
10072,10073,1998
10072,10074,1998
10072,10075,1998
10072,10076,1998
10072,10077,1998
10072,10078,1998
10072,10079,1998
10072,10080,1998
10073,10074,1998
10073,10075,1998
10073,10076,1998
10073,10077,1998
10073,10078,1998
10073,10079,1998
10073,10080,1998
10074,10075,1998
10074,10076,1998
10074,10077,1998
10074,10078,1998
10074,10079,1998
10074,10080,1998
10075,10076,1998
10075,10077,1998
10075,10078,1998
10075,10079,1998
10075,10080,1998
10076,10077,1998
10076,10078,1998
10076,10079,1998
10076,10080,1998
10077,10078,1998
10077,10079,1998
10077,10080,1998
10078,10079,1998
10078,10080,1998
10079,10080,1998
10082,10083,1998
10084,10085,1998
10085,10114,1998
10085,10115,1998
10085,10116,1998
10086,10087,1998
10088,10089,1998
10090,10091,1998
10090,10092,1998
10091,10092,1998
10094,10095,1998
10098,10099,1998
10101,10102,1998
10103,10104,1998
10103,10105,1998
10103,10106,1998
10104,10105,1998
10104,10106,1998
10105,10106,1998
10109,10110,1998
10109,10111,1998
10109,10112,1998
10110,10111,1998
10110,10112,1998
10111,10112,1998
10114,10115,1998
10114,10116,1998
10114,10117,1998
10114,10118,1998
10114,10119,1998
10114,10120,1998
10114,10121,1998
10114,10122,1998
10115,10116,1998
10117,10118,1998
10117,10119,1998
10117,10120,1998
10117,10121,1998
10117,10122,1998
10118,10119,1998
10118,10120,1998
10118,10121,1998
10118,10122,1998
10119,10120,1998
10119,10121,1998
10119,10122,1998
10120,10121,1998
10120,10122,1998
10121,10122,1998
10123,10124,1998
10125,10126,1998
10125,10127,1998
10126,10127,1998
10128,10129,1998
10132,10133,1998
10135,10136,1998
10137,10138,1998
10140,10141,1998
10140,10142,1998
10140,10143,1998
10141,10142,1998
10141,10143,1998
10142,10143,1998
10150,10151,1998
10152,10153,1998
10152,10154,1998
10153,10154,1998
10156,10157,1998
10156,10158,1998
10156,10159,1998
10156,10160,1998
10157,10158,1998
10157,10159,1998
10157,10160,1998
10158,10159,1998
10158,10160,1998
10159,10160,1998
10163,10164,1998
10165,10166,1998
10167,10168,1998
10167,10309,1998
10168,10309,1998
10169,10170,1998
10169,10171,1998
10170,10171,1998
10172,10173,1998
10172,10174,1998
10173,10174,1998
10175,10176,1998
10179,10180,1998
10181,10182,1998
10183,10184,1998
10193,10194,1998
10193,10195,1998
10194,10195,1998
10196,10197,1998
10198,10199,1998
10200,10201,1998
10200,10202,1998
10201,10202,1998
10203,10204,1998
10205,10206,1998
10211,10212,1998
10214,10215,1998
10217,10218,1998
10217,10219,1998
10218,10219,1998
10220,10221,1998
10220,10222,1998
10221,10222,1998
10227,10228,1998
10229,10230,1998
10234,10235,1998
10237,10238,1998
10241,10285,1998
10243,10244,1998
10245,10246,1998
10245,10247,1998
10245,10248,1998
10245,10249,1998
10245,10250,1998
10245,10251,1998
10245,10252,1998
10245,10253,1998
10245,10254,1998
10245,10255,1998
10245,10256,1998
10245,10257,1998
10246,10247,1998
10246,10248,1998
10246,10249,1998
10246,10250,1998
10246,10251,1998
10246,10252,1998
10246,10253,1998
10246,10254,1998
10246,10255,1998
10246,10256,1998
10246,10257,1998
10247,10248,1998
10247,10249,1998
10247,10250,1998
10247,10251,1998
10247,10252,1998
10247,10253,1998
10247,10254,1998
10247,10255,1998
10247,10256,1998
10247,10257,1998
10248,10249,1998
10248,10250,1998
10248,10251,1998
10248,10252,1998
10248,10253,1998
10248,10254,1998
10248,10255,1998
10248,10256,1998
10248,10257,1998
10249,10250,1998
10249,10251,1998
10249,10252,1998
10249,10253,1998
10249,10254,1998
10249,10255,1998
10249,10256,1998
10249,10257,1998
10250,10251,1998
10250,10252,1998
10250,10253,1998
10250,10254,1998
10250,10255,1998
10250,10256,1998
10250,10257,1998
10251,10252,1998
10251,10253,1998
10251,10254,1998
10251,10255,1998
10251,10256,1998
10251,10257,1998
10252,10253,1998
10252,10254,1998
10252,10255,1998
10252,10256,1998
10252,10257,1998
10253,10254,1998
10253,10255,1998
10253,10256,1998
10253,10257,1998
10254,10255,1998
10254,10256,1998
10254,10257,1998
10255,10256,1998
10255,10257,1998
10256,10257,1998
10263,10264,1998
10263,10265,1998
10263,10266,1998
10263,10267,1998
10264,10265,1998
10264,10266,1998
10264,10267,1998
10265,10266,1998
10265,10267,1998
10266,10267,1998
10274,10275,1998
10276,10277,1998
10278,10279,1998
10281,10282,1998
10281,10283,1998
10281,10284,1998
10282,10283,1998
10282,10284,1998
10283,10284,1998
10288,10289,1998
10291,10292,1998
10291,10293,1998
10292,10293,1998
10294,10295,1998
10296,10297,1998
10298,10299,1998
10298,10300,1998
10298,10301,1998
10299,10300,1998
10299,10301,1998
10300,10301,1998
10302,10303,1998
10302,10304,1998
10303,10304,1998
10303,10311,1998
10303,10312,1998
10305,10306,1998
10311,10312,1998
10314,10315,1998
10314,10316,1998
10314,10368,1998
10315,10316,1998
10315,10368,1998
10317,10318,1998
10320,10321,1998
10322,10323,1998
10326,10327,1998
10329,10330,1998
10333,10334,1998
10333,10335,1998
10333,10336,1998
10334,10335,1998
10334,10336,1998
10335,10336,1998
10340,10341,1998
10340,10342,1998
10341,10342,1998
10346,10347,1998
10349,10350,1998
10351,10352,1998
10355,10356,1998
10355,10357,1998
10355,10358,1998
10356,10357,1998
10356,10358,1998
10357,10358,1998
10361,10362,1998
10363,10364,1998
10366,10367,1998
10369,10370,1998
